<?xml version = "1.0" encoding = "utf-8"?>
<!DOCTYPE hibernate-mapping PUBLIC 
"-//Hibernate/Hibernate Mapping DTD//EN"
"http://www.hibernate.org/dtd/hibernate-mapping-3.0.dtd">

<hibernate-mapping>

<class name="com.Entity.Item" table="Item3">
<id name="ItemId" column="itemId">
<generator class="increment"></generator>

</id>
<property name="Itemname"></property>
<property name="category"></property>
<property name="buyingPrice"></property>
<joined-subclass name="com.Entity.Product" table="Product3">
<key>
<column name="ProductId"></column>
</key>
<property name="productname"></property>
<property name="category"></property>
<property name="quantity"></property>
<property name="Sellingprice"></property>

<many-to-one class="com.Entity.User" name="uobj" fetch="select">

<column name="UserId" not-null="true"></column>
</many-to-one>






</joined-subclass>


</class>




</hibernate-mapping>