<?xml version = "1.0" encoding = "utf-8"?>
<!DOCTYPE hibernate-mapping PUBLIC 
"-//Hibernate/Hibernate Mapping DTD//EN"
"http://www.hibernate.org/dtd/hibernate-mapping-3.0.dtd">


<hibernate-mapping>

<class name="com.Entity.User" table="UserInfo1">
<id name="userId" column="UserId">

<generator class="assigned">


</generator>

</id>
<property name="emailid"></property>
<property name="password"></property>
<property name="usertype"></property>

<set name="productset" cascade="all" inverse="true" fetch="select">

<key>

<column name="UserId"></column>
</key>
<one-to-many class="com.Entity.Product"></one-to-many>

</set>



</class>




</hibernate-mapping>