<?xml version="1.0" encoding="UTF-8"?>
<!DOCTYPE hibernate-configuration PUBLIC 
  "-//Hibernate/Hibernate Configuration DTD 3.0//EN" 
  "http://www.hibernate.org/dtd/hibernate-configuration-3.0.dtd">
<!-- Version 8 MySQL hiberante-cfg.xml example for Hibernate 5 -->
<hibernate-configuration>
  <session-factory>
   <!--  <property name="connection.driver_class">com.mysql.cj.jdbc.Driver</property>-->
    <property name="connection.driver_class">com.mysql.jdbc.Driver</property >
    <property name="connection.url">jdbc:mysql://localhost:3306/ganesha</property>
    <property name="dialect">org.hibernate.dialect.MySQL8Dialect</property>
    <property name="connection.username">root</property>
    <property name="connection.password">Ganesha@123</property>
    <property name="current_session_context_class">thread</property>
    <property name="show_sql">true</property>
    <property name="format_sql">true</property>
    <property name="hbm2ddl.auto">update</property>
    <!-- update-if table already exist it will use that table otherwise create it
    create-it will create new table every time even table already already exist -->
    <!-- if table does not exist it will automatically create table -->
   <mapping resource="com/Entity/item.hbm.xml"></mapping>
    
    <mapping resource="com/Entity/user.hbm.xml"></mapping>
   <!-- <mapping class="com.training.FirstHibernate.Product"></mapping>-->
  </session-factory>
</hibernate-configuration>